,City,Cost of Living Index,Rent Index,Cost of Living Plus Rent Index,Groceries Index,Restaurant Price Index,Local Purchasing Power Index,Country,City Only,State,Rank_COI,Year,Highlight Countries
0,"Hamilton, Bermuda",145.43,110.87,128.76,143.47,158.75,112.26,Bermuda,Hamilton,,1,2018,Other
1,"Zurich, Switzerland",141.25,66.14,105.03,149.86,135.76,142.7,Switzerland,Zurich,,2,2018,Other
2,"Geneva, Switzerland",134.83,71.7,104.38,138.98,129.74,130.96,Switzerland,Geneva,,3,2018,Other
3,"Basel, Switzerland",130.68,49.68,91.61,127.54,127.22,139.01,Switzerland,Basel,,4,2018,Other
4,"Bern, Switzerland",128.03,43.57,87.3,132.7,119.48,112.71,Switzerland,Bern,,5,2018,Other
5,"Lausanne, Switzerland",127.5,52.32,91.24,126.59,132.12,127.95,Switzerland,Lausanne,,6,2018,Other
6,"Reykjavik, Iceland",123.78,57.25,91.7,118.15,133.19,88.95,Iceland,Reykjavik,,7,2018,Other
7,"Stavanger, Norway",118.61,39.83,80.61,106.09,143.54,118.14,Norway,Stavanger,,8,2018,Other
8,"Lugano, Switzerland",118.24,52.91,86.73,117.74,122.3,119.86,Switzerland,Lugano,,9,2018,Other
9,"Oslo, Norway",117.23,49.28,84.46,112.42,124.09,102.94,Norway,Oslo,,10,2018,Other
10,"Trondheim, Norway",114.22,42.39,79.58,103.5,134.76,108.29,Norway,Trondheim,,11,2018,Other
11,"Bergen, Norway",112.31,40.3,77.58,101.79,119.61,99.29,Norway,Bergen,,12,2018,Other
12,"Kyoto, Japan",100.33,24.58,63.8,118.44,54.59,77.92,Japan,Kyoto,,13,2018,Other
13,"New York, NY, United States",100,100,100,100,100,100,United States,New York,NY,14,2018,United States
14,"Nassau, Bahamas",99.73,40.45,71.14,85.34,104.17,58.69,Bahamas,Nassau,,15,2018,Other
15,"San Francisco, CA, United States",97.84,115.36,106.29,107.52,91.06,92.96,United States,San Francisco,CA,16,2018,United States
16,"Copenhagen, Denmark",97.62,50.66,74.97,77.53,121.23,113.31,Denmark,Copenhagen,,17,2018,Other
17,"Luxembourg, Luxembourg",95.37,61.59,79.08,82.71,109.61,127.42,Luxembourg,Luxembourg,,18,2018,Other
18,"Anchorage, AK, United States",94.99,40.12,68.53,101.18,84.55,124.92,United States,Anchorage,AK,19,2018,United States
19,"Honolulu, HI, United States",94.15,62.82,79.04,104.69,82.86,103.08,United States,Honolulu,HI,20,2018,United States
20,"Tokyo, Japan",93.81,37.07,66.45,99.67,58.93,106.42,Japan,Tokyo,,21,2018,Other
21,"Brooklyn, NY, United States",93.79,76.24,85.33,92.73,100.58,87.04,United States,Brooklyn,NY,22,2018,United States
22,"Paris, France",92.87,50.3,72.34,87.29,91.77,97.62,France,Paris,,23,2018,Other
23,"Limerick, Ireland",92.73,27.71,61.37,87.15,82.93,93.93,Ireland,Limerick,,24,2018,Ireland
24,"Rockville, MD, United States",92.66,64,78.84,87.76,74.74,130.79,United States,Rockville,MD,25,2018,United States
25,"Bloomington, IN, United States",92.14,33.64,63.93,112.83,75.43,96.92,United States,Bloomington,IN,26,2018,United States
26,"Washington, DC, United States",91.94,73.3,82.95,92.74,85,120.62,United States,Washington,DC,27,2018,United States
27,"Arhus, Denmark",91.9,34.82,64.37,71.5,102.82,109.47,Denmark,Arhus,,28,2018,Other
28,"Singapore, Singapore",91.4,71.89,81.99,83.64,64.4,95.89,Singapore,Singapore,,29,2018,Other
29,"Aalborg, Denmark",91.17,26.81,60.13,73.79,101.14,106.35,Denmark,Aalborg,,30,2018,Other
30,"Stockholm, Sweden",90.85,45.27,68.87,84.06,93.71,108.2,Sweden,Stockholm,,31,2018,Other
31,"Sydney, Australia",90.77,68.43,80,85.02,77.09,118.81,Australia,Sydney,,32,2018,Other
32,"Montpellier, France",90.63,24.95,58.95,86.93,75.13,74.25,France,Montpellier,,33,2018,Other
33,"Tel Aviv-Yafo, Israel",90.36,51.55,71.65,76.9,97.21,101.36,Israel,Tel Aviv-Yafo,,34,2018,Other
34,"Santa Rosa, CA, United States",90.23,58.13,74.75,92.05,78.34,106.77,United States,Santa Rosa,CA,35,2018,United States
35,"Dublin, Ireland",89.92,62.13,76.52,73.62,95.64,88.11,Ireland,Dublin,,36,2018,Ireland
36,"Jerusalem, Israel",89.62,38.43,64.93,74.2,96.35,84.17,Israel,Jerusalem,,37,2018,Other
37,"Linz, Austria",89.33,29.43,60.44,84.03,88.05,95.13,Austria,Linz,,38,2018,Other
38,"Arlington, VA, United States",89.2,61.85,76.01,88.51,82.63,120.53,United States,Arlington,VA,39,2018,United States
39,"Amsterdam, Netherlands",89.14,58.22,74.23,70.13,95.2,101.7,Netherlands,Amsterdam,,40,2018,Other
40,"Bellevue, WA, United States",88.85,66.67,78.15,88.43,80.99,73.46,United States,Bellevue,WA,41,2018,United States
41,"London, United Kingdom",88.69,76.67,82.89,67.36,96.36,92.61,United Kingdom,London,,42,2018,Other
42,"Antwerp, Belgium",88.2,28.06,59.19,79.12,101.67,90.18,Belgium,Antwerp,,43,2018,Other
43,"Hamilton, New Zealand",88.09,26.98,58.62,81.69,84.97,128.21,New Zealand,Hamilton,,44,2018,Other
44,"Seattle, WA, United States",88.04,64.41,76.64,89.85,83.22,144.6,United States,Seattle,WA,45,2018,United States
45,"Berkeley, CA, United States",87.82,78.69,83.42,97.88,78.29,115.84,United States,Berkeley,CA,46,2018,United States
46,"Helsinki, Finland",87.77,40.52,64.98,73.82,96.5,113.87,Finland,Helsinki,,47,2018,Other
47,"Grenoble, France",87.73,25.07,57.51,88.71,79.04,115.7,France,Grenoble,,48,2018,Other
48,"Seoul, South Korea",87.56,37.17,63.26,107.06,50.88,107.52,South Korea,Seoul,,49,2018,Other
49,"Tampere, Finland",87.2,28.89,59.08,73.89,96.76,111.28,Finland,Tampere,,50,2018,Other
50,"Boston, MA, United States",87.05,78.72,83.03,88.99,86.2,101.35,United States,Boston,MA,51,2018,United States
51,"Auckland, New Zealand",86.93,46.95,67.65,79.21,72.26,99.37,New Zealand,Auckland,,52,2018,Other
52,"Florence, Italy",86.9,31.81,60.34,76.28,87.67,66.09,Italy,Florence,,53,2018,Other
53,"Nice, France",86.69,31.64,60.14,78.82,98.75,107.04,France,Nice,,54,2018,Other
54,"Milton Keynes, United Kingdom",86.28,37.34,62.68,85.31,81.71,90.17,United Kingdom,Milton Keynes,,55,2018,Other
55,"Perth, Australia",86.24,40.5,64.18,80.79,90.63,130.38,Australia,Perth,,56,2018,Other
56,"Charleston, SC, United States",86.19,45.99,66.8,98.41,71.87,115.41,United States,Charleston,SC,57,2018,United States
57,"Adelaide, Australia",86.02,36.56,62.17,82.05,81.67,113.86,Australia,Adelaide,,58,2018,Other
58,"Miami, FL, United States",86.01,63.2,75.01,87.37,95.81,97.81,United States,Miami,FL,59,2018,United States
59,"Bath, United Kingdom",85.79,37.62,62.56,78.47,83.51,117.98,United Kingdom,Bath,,60,2018,Other
60,"Reading, United Kingdom",85.56,40.91,64.03,71.32,95.36,130.18,United Kingdom,Reading,,61,2018,Other
61,"Leuven, Belgium",85.31,29.48,58.38,79.81,86.88,92.44,Belgium,Leuven,,62,2018,Other
62,"Gent, Belgium",85.16,26.92,57.07,72.2,94.01,96.27,Belgium,Gent,,63,2018,Other
63,"Melbourne, Australia",85.15,44.81,65.7,82.11,77.29,127.15,Australia,Melbourne,,64,2018,Other
64,"Oakland, CA, United States",85.11,79.57,82.44,88.65,81.38,97.94,United States,Oakland,CA,65,2018,United States
65,"Milan, Italy",85.1,43.65,65.11,75.56,92.27,71.94,Italy,Milan,,66,2018,Other
66,"Genoa, Italy",85.04,21.49,54.39,74.03,83.87,71.66,Italy,Genoa,,67,2018,Other
67,"Darwin, Australia",84.98,46.52,66.43,82.29,91.79,118.09,Australia,Darwin,,69,2018,Other
68,"Cairns, Australia",84.98,30.59,58.75,84.5,74.96,118.05,Australia,Cairns,,69,2018,Other
69,"The Hague (Den Haag), Netherlands",84.97,35.55,61.14,70.25,89.11,106.25,Netherlands,The Hague (Den Haag),,70,2018,Other
70,"Munich, Germany",84.78,46.46,66.3,72.97,82.46,118.19,Germany,Munich,,71,2018,Other
71,"Lyon, France",84.47,28.04,57.26,77.74,79.13,101.17,France,Lyon,,72,2018,Other
72,"Gothenburg, Sweden",84.38,30.46,58.38,77.45,91.06,112.1,Sweden,Gothenburg,,73,2018,Other
73,"New Haven, CT, United States",84.13,47.53,66.48,92.86,86.18,127.41,United States,New Haven,CT,74,2018,United States
74,"Irvine, CA, United States",83.73,66.26,75.3,89.49,76.5,139.48,United States,Irvine,CA,75,2018,United States
75,"Brussels, Belgium",83.65,35.76,60.55,72.55,96.1,104.35,Belgium,Brussels,,76,2018,Other
76,"Philadelphia, PA, United States",83.46,48.09,66.4,82.24,79.37,116.06,United States,Philadelphia,PA,77,2018,United States
77,"Utrecht, Netherlands",83.34,40.23,62.55,68.39,97.89,105.9,Netherlands,Utrecht,,78,2018,Other
78,"Aberdeen, United Kingdom",83.18,32.13,58.56,67.23,99.29,115.94,United Kingdom,Aberdeen,,79,2018,Other
79,"Cambridge, United Kingdom",82.96,47.33,65.78,67.22,95.67,105.39,United Kingdom,Cambridge,,80,2018,Other
80,"Cork, Ireland",82.89,39.97,62.19,67.32,91.87,105.57,Ireland,Cork,,81,2018,Ireland
81,"Hobart, Australia",82.88,31.46,58.08,81.1,88.26,99.4,Australia,Hobart,,82,2018,Other
82,"San Jose, CA, United States",82.87,81.81,82.36,85.4,83.12,134.82,United States,San Jose,CA,83,2018,United States
83,"Toulouse, France",82.85,24.97,54.94,77.86,82.38,113.77,France,Toulouse,,84,2018,Other
84,"Ramat Gan, Israel",82.84,36.93,60.7,67.32,89.36,112.25,Israel,Ramat Gan,,85,2018,Other
85,"Rotterdam, Netherlands",82.64,35.28,59.8,63.02,94.81,102.03,Netherlands,Rotterdam,,86,2018,Other
86,"Tacoma, WA, United States",82.54,36.82,60.49,88.02,72.46,125.1,United States,Tacoma,WA,87,2018,United States
87,"Dusseldorf, Germany",82.48,36.34,60.23,65.69,74.97,114.5,Germany,Dusseldorf,,88,2018,Other
88,"Los Angeles, CA, United States",82.3,68.75,75.77,82.73,82.48,109.01,United States,Los Angeles,CA,89,2018,United States
89,"Boulder, CO, United States",82.19,53.8,68.5,86.22,74.92,143.02,United States,Boulder,CO,90,2018,United States
90,"St. John's, NL, Canada",82.18,22.48,53.39,86.39,79.73,98.06,Canada,St. John's,,92,2018,Other
91,"Turku, Finland",82.18,25.55,54.87,69.79,88.89,125.14,Finland,Turku,,92,2018,Other
92,"Brisbane, Australia",82.17,43.31,63.43,75.42,81.39,130.41,Australia,Brisbane,,93,2018,Other
93,"Halifax, Canada",82.03,29.33,56.61,88.57,75.91,95.7,Canada,Halifax,,94,2018,Other
94,"Thunder Bay, Canada",81.98,26.2,55.08,77.76,74.63,84.87,Canada,Thunder Bay,,95,2018,Other
95,"Haifa, Israel",81.81,20.68,52.33,66.6,91.38,120.61,Israel,Haifa,,96,2018,Other
96,"Padova, Italy",81.77,23.89,53.85,67.49,78.91,77.42,Italy,Padova,,97,2018,Other
97,"Frankfurt, Germany",81.65,37.59,60.4,66.85,81.18,142.76,Germany,Frankfurt,,98,2018,Other
98,"Portland, ME, United States",81.6,40.73,61.89,86.96,88.58,113.69,United States,Portland,ME,99,2018,United States
99,"Minneapolis, MN, United States",81.46,45.65,64.19,87.48,75.88,131.08,United States,Minneapolis,MN,100,2018,United States
100,"Norfolk, VA, United States",81.36,43.59,63.14,90.06,81.31,64.42,United States,Norfolk,VA,101,2018,United States
101,"Saskatoon, Canada",81.02,29.7,56.27,82.39,72.78,99.63,Canada,Saskatoon,,102,2018,Other
102,"Canberra, Australia",80.9,45.03,63.6,77.06,79.23,139.38,Australia,Canberra,,103,2018,Other
103,"Wellington, New Zealand",80.87,40.42,61.36,77.17,72.02,118.59,New Zealand,Wellington,,104,2018,Other
104,"Hartford, CT, United States",80.86,42.15,62.19,78.41,86.26,101.57,United States,Hartford,CT,105,2018,United States
105,"Queens, NY, United States",80.77,64.73,73.04,74.39,87.27,113.4,United States,Queens,NY,106,2018,United States
106,"Hamburg, Germany",80.75,33.61,58.02,64.85,77.19,116.06,Germany,Hamburg,,107,2018,Other
107,"Parma, Italy",80.69,25.04,53.85,71.96,87.4,84.79,Italy,Parma,,109,2018,Other
108,"Maastricht, Netherlands",80.69,33.35,57.86,70.13,81.68,105.35,Netherlands,Maastricht,,109,2018,Other
109,"Graz, Austria",80.59,24.94,53.75,78.18,65.21,106.41,Austria,Graz,,110,2018,Other
110,"Christchurch, New Zealand",80.51,30.13,56.21,75.7,78.95,90.4,New Zealand,Christchurch,,111,2018,Other
111,"Galway, Ireland",80.22,34.58,58.21,70.9,81.75,100.11,Ireland,Galway,,112,2018,Ireland
112,"Albany, NY, United States",80.19,30.82,56.38,83.35,71.86,139.34,United States,Albany,NY,113,2018,United States
113,"Chicago, IL, United States",80.16,56.71,68.85,79.14,77.99,119.17,United States,Chicago,IL,114,2018,United States
114,"Portsmouth, United Kingdom",80.05,32.23,56.99,62.19,89.21,94.57,United Kingdom,Portsmouth,,115,2018,Other
115,"Jersey City, NJ, United States",79.91,66,73.2,79.5,85.95,130.99,United States,Jersey City,NJ,116,2018,United States
116,"Malmo, Sweden",79.79,28.57,55.09,73.61,87.62,120.92,Sweden,Malmo,,117,2018,Other
117,"Uppsala, Sweden",79.7,28.42,54.97,70.45,87.61,119.75,Sweden,Uppsala,,118,2018,Other
118,"Lund, Sweden",79.39,27.07,54.16,75.3,80.06,122.8,Sweden,Lund,,119,2018,Other
119,"Oxford, United Kingdom",79.37,53.29,66.79,62.18,81.92,86.68,United Kingdom,Oxford,,120,2018,Other
120,"Olympia, WA, United States",79.25,36.06,58.42,77.18,78.7,125.04,United States,Olympia,WA,121,2018,United States
121,"Edinburgh, United Kingdom",79.2,34.6,57.69,69.3,89.29,104.25,United Kingdom,Edinburgh,,122,2018,Other
122,"Barrie, Canada",79.18,28.03,54.51,79.85,76.95,127.57,Canada,Barrie,,123,2018,Other
123,"Santa Barbara, CA, United States",79.17,71.45,75.45,76.47,87.43,134.38,United States,Santa Barbara,CA,124,2018,United States
124,"Bologna, Italy",79.04,26.08,53.5,70.14,85.23,76.44,Italy,Bologna,,125,2018,Other
125,"Eugene, OR, United States",78.94,31.38,56,91.86,69.07,109.06,United States,Eugene,OR,127,2018,United States
126,"Sliema, Malta",78.94,36.17,58.32,69.3,89.2,74.89,Malta,Sliema,,127,2018,Other
127,"Burlington, VT, United States",78.89,41.89,61.05,82.04,79.41,101.19,United States,Burlington,VT,128,2018,United States
128,"Rome, Italy",78.8,40.24,60.2,68.34,85.32,72.78,Italy,Rome,,129,2018,Other
129,"Sacramento, CA, United States",78.75,43.34,61.67,80.02,74.2,135.14,United States,Sacramento,CA,130,2018,United States
130,"Eindhoven, Netherlands",78.72,35.2,57.73,63.05,88.51,119.87,Netherlands,Eindhoven,,132,2018,Other
131,"Hong Kong, Hong Kong",78.72,79.54,79.12,83.47,56.17,82.86,Hong Kong,Hong Kong,,132,2018,Other
132,"Pittsburgh, PA, United States",78.66,39.02,59.54,76.56,70.89,133.38,United States,Pittsburgh,PA,133,2018,United States
133,"Vienna, Austria",78.64,35.04,57.61,73.8,73.39,98.88,Austria,Vienna,,134,2018,Other
134,"Osaka, Japan",78.5,23.88,52.16,79.2,45.06,109.62,Japan,Osaka,,135,2018,Other
135,"Portland, OR, United States",78.45,51.72,65.56,79.56,68.4,125.57,United States,Portland,OR,136,2018,United States
136,"Saint Paul, MN, United States",78.37,40.38,60.05,81.15,74.68,97.64,United States,Saint Paul,MN,137,2018,United States
137,"Lille, France",78.34,24.7,52.47,65.77,74.43,89.56,France,Lille,,138,2018,Other
138,"Long Beach, CA, United States",78.23,54.98,67.01,82.77,76.98,127.25,United States,Long Beach,CA,139,2018,United States
139,"York, United Kingdom",77.98,29.69,54.69,68.51,85.11,110.55,United Kingdom,York,,140,2018,Other
140,"Trieste, Italy",77.97,21.54,50.76,72.67,80.97,90.05,Italy,Trieste,,141,2018,Other
141,"Brampton, Canada",77.9,29.01,54.32,83.61,64.25,103.74,Canada,Brampton,,142,2018,Other
142,"Bristol, United Kingdom",77.83,40.01,59.59,63.13,92.62,108.18,United Kingdom,Bristol,,143,2018,Other
143,"Bergamo, Italy",77.71,22.05,50.87,64.43,91.76,89.37,Italy,Bergamo,,144,2018,Other
144,"Fort Lauderdale, FL, United States",77.67,51.63,65.11,79.05,77.85,104.35,United States,Fort Lauderdale,FL,145,2018,United States
145,"Everett, WA, United States",77.63,42.48,60.68,84.84,70.29,113.75,United States,Everett,WA,146,2018,United States
146,"Asheville, NC, United States",77.36,37.85,58.31,84.94,72.18,111.73,United States,Asheville,NC,147,2018,United States
147,"Denver, CO, United States",77.31,54,66.07,77.48,79.43,130.1,United States,Denver,CO,148,2018,United States
148,"Heidelberg, Germany",77.3,37.21,57.96,61.01,75.28,133.23,Germany,Heidelberg,,149,2018,Other
149,"Manchester, United Kingdom",77.15,30.87,54.83,63.07,85.92,98.91,United Kingdom,Manchester,,150,2018,Other
150,"Bellingham, WA, United States",77.13,34.7,56.67,79.09,77.88,131.14,United States,Bellingham,WA,151,2018,United States
151,"Newcastle, Australia",77.12,43.45,60.88,76.5,84.01,134.62,Australia,Newcastle,,152,2018,Other
152,"Melbourne, FL, United States",77.09,29.38,54.08,85.53,77.04,128.34,United States,Melbourne,FL,153,2018,United States
153,"San Diego, CA, United States",77.01,61.91,69.73,75.09,82.09,142.72,United States,San Diego,CA,154,2018,United States
154,"Mannheim, Germany",76.97,27.25,52.99,61.07,73.5,156.77,Germany,Mannheim,,155,2018,Other
155,"Groningen, Netherlands",76.64,30.91,54.59,66.99,87.82,105.46,Netherlands,Groningen,,157,2018,Other
156,"New Orleans, LA, United States",76.64,40.21,59.07,75.15,84,116.56,United States,New Orleans,LA,157,2018,United States
157,"Orlando, FL, United States",76.63,37.35,57.68,82.77,69.38,129.02,United States,Orlando,FL,158,2018,United States
158,"Baltimore, MD, United States",76.57,45.03,61.36,73.92,80.16,116.79,United States,Baltimore,MD,159,2018,United States
159,"Tampa, FL, United States",76.53,42.09,59.92,80.64,80.21,144.43,United States,Tampa,FL,160,2018,United States
160,"West Palm Beach, FL, United States",76.52,43.11,60.41,79.59,78.92,124.36,United States,West Palm Beach,FL,161,2018,United States
161,"Calgary, Canada",76.44,31.37,54.7,72.97,75.23,146.39,Canada,Calgary,,162,2018,Other
162,"Brighton, United Kingdom",76.4,44.89,61.21,58.61,86.71,83.51,United Kingdom,Brighton,,163,2018,Other
163,"Red Deer, Canada",76.15,25.51,51.73,69.85,74.21,136.55,Canada,Red Deer,,164,2018,Other
164,"Edmonton, Canada",76.01,31.61,54.6,74.26,73.66,131.93,Canada,Edmonton,,165,2018,Other
165,"Nottingham, United Kingdom",75.98,24.8,51.3,65.92,75.29,107.61,United Kingdom,Nottingham,,166,2018,Other
166,"Karlsruhe, Germany",75.8,23.89,50.76,57.26,80.6,136.82,Germany,Karlsruhe,,167,2018,Other
167,"Coventry, United Kingdom",75.72,26.45,51.96,64.04,71.27,133.86,United Kingdom,Coventry,,168,2018,Other
168,"Vancouver, Canada",75.59,53.5,64.94,78.26,70.12,96.77,Canada,Vancouver,,169,2018,Other
169,"Victoria, Canada",75.47,40,58.36,79.13,70.56,112.52,Canada,Victoria,,170,2018,Other
170,"Colorado Springs, CO, United States",75.42,31.21,54.1,72.93,76.48,150.89,United States,Colorado Springs,CO,171,2018,United States
171,"Norwich, United Kingdom",75.4,25.34,51.26,58.53,81.1,89.95,United Kingdom,Norwich,,172,2018,Other
172,"Charlotte, NC, United States",75.35,40.62,58.6,79.4,73.87,112.72,United States,Charlotte,NC,173,2018,United States
173,"Plano, TX, United States",75.32,40.02,58.3,73.93,63.49,101.69,United States,Plano,TX,174,2018,United States
174,"Toronto, Canada",75.22,46.94,61.58,70.65,71.58,106.83,Canada,Toronto,,175,2018,Other
175,"Atlanta, GA, United States",74.97,45.83,60.92,75,74.81,153.77,United States,Atlanta,GA,176,2018,United States
176,"Turin, Italy",74.94,23.25,50.01,61.62,76.26,85.62,Italy,Turin,,177,2018,Other
177,"Leeds, United Kingdom",74.92,30.31,53.41,61.69,91.99,109.59,United Kingdom,Leeds,,178,2018,Other
178,"Fayetteville, AR, United States",74.9,24.85,50.76,81.39,69.15,104.92,United States,Fayetteville,AR,179,2018,United States
179,"Gold Coast, Australia",74.89,38.76,57.46,74.88,72.35,124.98,Australia,Gold Coast,,180,2018,Other
180,"Kelowna, Canada",74.78,34.84,55.52,77.54,68.9,109.75,Canada,Kelowna,,181,2018,Other
181,"Indianapolis, IN, United States",74.72,35.67,55.89,73.92,74.26,94.22,United States,Indianapolis,IN,182,2018,United States
182,"Birmingham, AL, United States",74.64,31.36,53.77,76.12,74.13,134.55,United States,Birmingham,AL,183,2018,United States
183,"Stuttgart, Germany",74.53,34.86,55.4,55.57,72.07,134.02,Germany,Stuttgart,,184,2018,Other
184,"Berlin, Germany",74.32,33.54,54.65,60.74,65.57,114.09,Germany,Berlin,,186,2018,Other
185,"Burlington, Canada",74.32,34.2,54.97,68.68,82.63,137.47,Canada,Burlington,,186,2018,Other
186,"Sheffield, United Kingdom",74.31,25.05,50.55,56.87,84.47,110.96,United Kingdom,Sheffield,,187,2018,Other
187,"Glasgow, United Kingdom",74.3,28.12,52.03,61.85,79.52,124.11,United Kingdom,Glasgow,,188,2018,Other
188,"Augusta, GA, United States",74.29,22.45,49.29,82.42,62.66,100.38,United States,Augusta,GA,189,2018,United States
189,"Greensboro, NC, United States",74.1,26.05,50.93,80.28,62.04,141.87,United States,Greensboro,NC,190,2018,United States
190,"Greenville, SC, United States",74.08,36.03,55.73,83.74,67.18,127.49,United States,Greenville,SC,192,2018,United States
191,"Palma De Mallorca, Spain",74.08,24.4,50.12,62.9,71.61,80.26,Spain,Palma De Mallorca,,192,2018,Other
192,"Cologne, Germany",74.02,29.75,52.67,55.97,73.95,131.06,Germany,Cologne,,193,2018,Other
193,"Bonn, Germany",73.61,29.24,52.21,55,70.68,118.12,Germany,Bonn,,194,2018,Other
194,"Jacksonville, FL, United States",73.58,32.27,53.66,77.14,73.25,117.13,United States,Jacksonville,FL,195,2018,United States
195,"Fort Collins, CO, United States",73.57,42.07,58.38,81.45,61.31,73.23,United States,Fort Collins,CO,196,2018,United States
196,"Cleveland, OH, United States",73.47,28.35,51.71,67.52,74.7,146.27,United States,Cleveland,OH,197,2018,United States
197,"Bremen, Germany",73.41,22.22,48.72,59.15,70.25,131.14,Germany,Bremen,,198,2018,Other
198,"Milwaukee, WI, United States",73.37,35.5,55.11,71.9,71.59,139.23,United States,Milwaukee,WI,199,2018,United States
199,"Bilbao, Spain",73.3,30.28,52.55,65.27,75.33,92.96,Spain,Bilbao,,200,2018,Other
200,"Saint Petersburg, FL, United States",73.29,41.01,57.72,72.82,75.33,145.31,United States,Saint Petersburg,FL,201,2018,United States
201,"Exeter, United Kingdom",73.17,31.86,53.24,58.28,82.78,86.66,United Kingdom,Exeter,,202,2018,Other
202,"Memphis, TN, United States",72.95,27.52,51.04,73.96,70.71,154.91,United States,Memphis,TN,203,2018,United States
203,"Guelph, Canada",72.93,28.86,51.68,68.86,80.08,114.41,Canada,Guelph,,204,2018,Other
204,"Syracuse, NY, United States",72.88,30.77,52.57,72.26,67.76,103.63,United States,Syracuse,NY,205,2018,United States
205,"Waterloo, Canada",72.86,29.64,52.01,70.36,70.2,120.38,Canada,Waterloo,,206,2018,Other
206,"Regina, Canada",72.85,28.93,51.67,73.25,66.3,109.12,Canada,Regina,,207,2018,Other
207,"Newark, NJ, United States",72.68,40.31,57.07,66.47,77.87,94.1,United States,Newark,NJ,208,2018,United States
208,"Akron, OH, United States",72.65,21.57,48.02,77.33,63.79,99.21,United States,Akron,OH,209,2018,United States
209,"Dubai, United Arab Emirates",72.58,66.88,69.83,61.71,67.23,123.71,United Arab Emirates,Dubai,,210,2018,Other
210,"Nuremberg, Germany",72.57,25.08,49.67,55.83,71.58,127.52,Germany,Nuremberg,,211,2018,Other
211,"Mississauga, Canada",72.54,36.65,55.23,68.46,67.15,106.67,Canada,Mississauga,,212,2018,Other
212,"Austin, TX, United States",72.46,49.8,61.53,73.02,75.56,140.39,United States,Austin,TX,213,2018,United States
213,"Leipzig, Germany",72.4,20.19,47.22,54.51,64.82,91.69,Germany,Leipzig,,214,2018,Other
214,"Taipei, Taiwan",72.39,21.61,47.9,87.57,34.77,104.9,Taiwan,Taipei,,215,2018,Other
215,"Fresno, CA, United States",72.36,30.94,52.38,72.51,75.89,110.71,United States,Fresno,CA,216,2018,United States
216,"Buffalo, NY, United States",72.15,28.94,51.31,69.14,72.72,120.23,United States,Buffalo,NY,217,2018,United States
217,"Shreveport, LA, United States",72.07,25.24,49.48,78.42,64.04,76.03,United States,Shreveport,LA,218,2018,United States
218,"Windsor, Canada",72,21.38,47.59,63.4,67.16,118.85,Canada,Windsor,,219,2018,Other
219,"Nanaimo, BC, Canada",71.9,25.11,49.33,78.03,63.87,99.07,Canada,Nanaimo,,220,2018,Other
220,"Nashville, TN, United States",71.88,47.73,60.23,74.28,69.38,125.4,United States,Nashville,TN,221,2018,United States
221,"Aachen, Germany",71.81,24.48,48.99,57.78,64.67,128.79,Germany,Aachen,,222,2018,Other
222,"Moncton, Canada",71.79,18.63,46.15,70.92,66.98,88.06,Canada,Moncton,,223,2018,Other
223,"Birmingham, United Kingdom",71.6,29.57,51.33,57.06,79.83,106.25,United Kingdom,Birmingham,,224,2018,Other
224,"Cardiff, United Kingdom",71.52,28.32,50.69,65.68,72.66,109.78,United Kingdom,Cardiff,,225,2018,Other
225,"Southampton, United Kingdom",71.48,33.09,52.97,58.97,76,116.26,United Kingdom,Southampton,,226,2018,Other
226,"Manchester, NH, United States",71.46,33.61,53.2,76.26,72.86,124.75,United States,Manchester,NH,227,2018,United States
227,"Raleigh, NC, United States",71.4,37.42,55.02,78.32,70.58,131.99,United States,Raleigh,NC,228,2018,United States
228,"Little Rock, AR, United States",71.29,24.83,48.89,77.24,64.98,132.31,United States,Little Rock,AR,229,2018,United States
229,"Dresden, Germany",71.22,22.95,47.94,56.07,59.77,105.93,Germany,Dresden,,231,2018,Other
230,"Winnipeg, Canada",71.22,24.91,48.89,69.49,67.33,114.61,Canada,Winnipeg,,231,2018,Other
231,"Quebec City, Canada",71.21,17.97,45.53,71.69,65.29,118.31,Canada,Quebec City,,232,2018,Other
232,"Naples, Italy",71.14,19.85,46.41,66.45,63.1,59.99,Italy,Naples,,233,2018,Other
233,"Richmond, VA, United States",70.98,36.18,54.2,77.66,65.74,133.08,United States,Richmond,VA,234,2018,United States
234,"Las Vegas, NV, United States",70.97,29.98,51.2,66.54,74.53,148.81,United States,Las Vegas,NV,235,2018,United States
235,"Saint Louis, MO, United States",70.76,30.11,51.15,71.33,68.14,144.7,United States,Saint Louis,MO,236,2018,United States
236,"Grand Rapids, MI, United States",70.58,32.95,52.43,69.69,70.77,143.87,United States,Grand Rapids,MI,237,2018,United States
237,"Rochester, NY, United States",70.52,30.31,51.13,72.96,74.66,158.71,United States,Rochester,NY,238,2018,United States
238,"Houston, TX, United States",70.37,44.1,57.7,71.01,71.15,145.38,United States,Houston,TX,239,2018,United States
239,"Detroit, MI, United States",70.2,35.48,53.45,67.02,59.3,131.62,United States,Detroit,MI,240,2018,United States
240,"Darmstadt, Germany",70.17,30.69,51.13,53.91,66.6,145.86,Germany,Darmstadt,,241,2018,Other
241,"Ann Arbor, MI, United States",70.01,45.26,58.07,69.31,62.97,163.57,United States,Ann Arbor,MI,242,2018,United States
242,"Ottawa, Canada",69.91,31.76,51.51,64.16,71.95,145.32,Canada,Ottawa,,245,2018,Other
243,"Harrisburg, PA, United States",69.91,27.78,49.59,72.58,66.41,140.56,United States,Harrisburg,PA,245,2018,United States
244,"Newcastle Upon Tyne, United Kingdom",69.91,25.69,48.58,54.05,78.46,127.4,United Kingdom,Newcastle Upon Tyne,,245,2018,Other
245,"Salem, OR, United States",69.81,32,51.58,70.61,68.39,106.58,United States,Salem,OR,246,2018,United States
246,"Dayton, OH, United States",69.76,21.96,46.71,73.53,62.38,114.2,United States,Dayton,OH,247,2018,United States
247,"Barcelona, Spain",69.75,33.71,52.37,59.29,65.07,77.27,Spain,Barcelona,,248,2018,Other
248,"Columbia, SC, United States",69.7,29.48,50.3,75.37,65.65,92.47,United States,Columbia,SC,249,2018,United States
249,"Marseille, France",69.66,23.92,47.6,61.91,69.58,104.22,France,Marseille,,250,2018,Other
250,"Liverpool, United Kingdom",69.53,24.96,48.04,52.24,78.55,116.18,United Kingdom,Liverpool,,251,2018,Other
251,"Hanover, Germany",69.47,22.04,46.59,58.88,64.04,160.86,Germany,Hanover,,252,2018,Other
252,"Fort Wayne, IN, United States",69.42,21.43,46.28,74.49,69.24,129.87,United States,Fort Wayne,IN,253,2018,United States
253,"London, Canada",69.39,24.58,47.78,65.97,66.17,105.79,Canada,London,,254,2018,Other
254,"Des Moines, IA, United States",69.37,31.23,50.97,73.45,63.64,125.85,United States,Des Moines,IA,255,2018,United States
255,"Virginia Beach, VA, United States",69.33,37.42,53.94,68.92,71.08,151.73,United States,Virginia Beach,VA,256,2018,United States
256,"Spokane, WA, United States",69.26,26.97,48.86,70.06,64.46,135.55,United States,Spokane,WA,257,2018,United States
257,"Bakersfield, CA, United States",69.2,29.09,49.86,71.91,64.38,120.54,United States,Bakersfield,CA,258,2018,United States
258,"Montreal, Canada",69.18,26.68,48.69,68.65,67.17,120.29,Canada,Montreal,,259,2018,Other
259,"Gatineau, Canada",69.17,19.72,45.32,69.98,64.66,142.51,Canada,Gatineau,,260,2018,Other
260,"Columbus, OH, United States",69.13,35.51,52.92,66.96,62.16,125.47,United States,Columbus,OH,262,2018,United States
261,"Cincinnati, OH, United States",69.13,31.11,50.79,61.6,70.4,136.92,United States,Cincinnati,OH,262,2018,United States
262,"Kansas City, MO, United States",69.05,29.33,49.89,68.17,63.04,135.76,United States,Kansas City,MO,263,2018,United States
263,"Belfast, United Kingdom",68.77,23.7,47.04,61.07,79.19,103.27,United Kingdom,Belfast,,265,2018,Other
264,"San Juan, Puerto Rico",68.77,26.09,48.18,66.18,57.67,116.19,Puerto Rico,San Juan,,265,2018,Other
265,"Derby, United Kingdom",68.68,21.48,45.92,58.52,71.55,110.83,United Kingdom,Derby,,266,2018,Other
266,"Lincoln, NE, United States",68.61,28.38,49.21,71.56,62.02,124.13,United States,Lincoln,NE,267,2018,United States
267,"Malta, Malta",68.44,26.6,48.26,54.11,69,72.13,Malta,Malta,,268,2018,Other
268,"Fort Myers, FL, United States",68.06,31.9,50.62,71.88,62.43,86.87,United States,Fort Myers,FL,269,2018,United States
269,"Lexington, KY, United States",67.9,25.51,47.45,69.03,62.48,130.77,United States,Lexington,KY,270,2018,United States
270,"Fort Worth, TX, United States",67.81,35.29,52.12,66.57,65.5,142.22,United States,Fort Worth,TX,271,2018,United States
271,"Omaha, NE, United States",67.8,30.43,49.78,69.41,62.64,134.51,United States,Omaha,NE,272,2018,United States
272,"Vancouver, WA, United States",67.79,34.12,51.55,61.12,67.28,127.95,United States,Vancouver,WA,273,2018,United States
273,"Madrid, Spain",67.63,33.41,51.13,56.59,70.41,96.36,Spain,Madrid,,274,2018,Other
274,"Surrey, Canada",67.37,33.36,50.97,65.23,61.6,93.78,Canada,Surrey,,275,2018,Other
275,"Montevideo, Uruguay",67.18,21.14,44.97,54.33,70.89,35.71,Uruguay,Montevideo,,276,2018,Other
276,"Wichita, KS, United States",67.02,24.63,46.58,67.02,68.1,118.39,United States,Wichita,KS,277,2018,United States
277,"Lubbock, TX, United States",66.9,24.63,46.52,61.64,68.94,133.25,United States,Lubbock,TX,278,2018,United States
278,"Chattanooga, TN, United States",66.89,27.77,48.02,67.8,62.68,145.27,United States,Chattanooga,TN,279,2018,United States
279,"Phoenix, AZ, United States",66.87,33.32,50.69,62.4,71.42,139.29,United States,Phoenix,AZ,280,2018,United States
280,"Sioux Falls, SD, United States",66.85,25.7,47,69.13,56.18,168.93,United States,Sioux Falls,SD,281,2018,United States
281,"Salt Lake City, UT, United States",66.76,34.91,51.4,64.48,68.75,148.6,United States,Salt Lake City,UT,282,2018,United States
282,"Tulsa, OK, United States",66.71,28.61,48.34,67.6,62.03,123.2,United States,Tulsa,OK,283,2018,United States
283,"Durham, NC, United States",66.44,35.54,51.54,64.75,67.79,146.95,United States,Durham,NC,284,2018,United States
284,"Springfield, MO, United States",66.4,18.79,43.44,73.6,63.28,77.68,United States,Springfield,MO,285,2018,United States
285,"Winston-salem, NC, United States",66.27,24.96,46.34,71.92,69.63,117.44,United States,Winston-salem,NC,286,2018,United States
286,"Nicosia, Cyprus",66.23,17.22,42.59,53.67,78.46,90.59,Cyprus,Nicosia,,287,2018,Other
287,"Doha, Qatar",66.12,66.84,66.46,57.95,65.81,120.86,Qatar,Doha,,288,2018,Other
288,"Taichung, Taiwan",65.98,13,40.43,84.29,29.75,66.76,Taiwan,Taichung,,289,2018,Other
289,"Dallas, TX, United States",65.94,42.64,54.7,61.95,67.11,162.37,United States,Dallas,TX,290,2018,United States
290,"Albuquerque, NM, United States",65.73,25.5,46.33,68.04,64.58,123.57,United States,Albuquerque,NM,291,2018,United States
291,"Arlington, TX, United States",65.63,30.04,48.47,62.02,63.87,152.9,United States,Arlington,TX,292,2018,United States
292,"Madison, WI, United States",65.6,36.95,51.78,62.5,66.34,144.83,United States,Madison,WI,293,2018,United States
293,"Ljubljana, Slovenia",65.47,20.62,43.84,54.76,57.7,74.7,Slovenia,Ljubljana,,294,2018,Other
294,"Zaragoza (Saragossa), Spain",65.4,15.21,41.2,54.76,60.66,77.87,Spain,Zaragoza (Saragossa),,295,2018,Other
295,"Mobile, AL, United States",65.31,24.63,45.69,67.4,64.09,122.2,United States,Mobile,AL,296,2018,United States
296,"Hamilton, Canada",65.26,27.6,47.1,60.77,65.83,122.71,Canada,Hamilton,,297,2018,Other
297,"Louisville, KY, United States",65.14,28.33,47.39,65.76,65.91,127.21,United States,Louisville,KY,298,2018,United States
298,"Beirut, Lebanon",65.03,34.98,50.54,47.46,66.58,52.68,Lebanon,Beirut,,299,2018,Other
299,"Abu Dhabi, United Arab Emirates",64.97,64.25,64.62,54.3,65.93,131.24,United Arab Emirates,Abu Dhabi,,300,2018,Other
300,"Thessaloniki, Greece",64.94,11.57,39.2,52.32,61.77,48.72,Greece,Thessaloniki,,301,2018,Other
301,"Pensacola, FL, United States",64.88,28.72,47.44,62.12,64.75,128.73,United States,Pensacola,FL,302,2018,United States
302,"Athens, Greece",64.67,13.97,40.22,51.34,64.82,52.86,Greece,Athens,,303,2018,Other
303,"Oklahoma City, OK, United States",64.29,26.54,46.09,66.52,58.15,142.4,United States,Oklahoma City,OK,304,2018,United States
304,"Kitchener, Canada",63.9,27.36,46.28,58.85,59.89,124.25,Canada,Kitchener,,305,2018,Other
305,"Limassol, Cyprus",63.52,24.22,44.57,52.24,66.53,93.12,Cyprus,Limassol,,306,2018,Other
306,"Huntsville, AL, United States",63.34,27.45,46.03,64.13,63.83,152.26,United States,Huntsville,AL,307,2018,United States
307,"Tucson, AZ, United States",63,23.8,44.1,61.12,63.64,138.07,United States,Tucson,AZ,308,2018,United States
308,"Reno, NV, United States",62.88,35.99,49.92,58.04,64.1,136.4,United States,Reno,NV,309,2018,United States
309,"Havana, Cuba",62.74,12.01,38.27,41.43,28.23,1.88,Cuba,Havana,,310,2018,Other
310,"Boise, ID, United States",62.65,28.91,46.37,58.7,65.39,130.86,United States,Boise,ID,311,2018,United States
311,"Knoxville, TN, United States",62.18,29.77,46.55,60.36,64.67,128.69,United States,Knoxville,TN,312,2018,United States
312,"Accra, Ghana",61.93,32.3,47.64,60.07,40.1,14.07,Ghana,Accra,,313,2018,Other
313,"College Station, TX, United States",61.85,32.7,47.79,68.95,57.12,118.7,United States,College Station,TX,314,2018,United States
314,"Martin, Slovakia",61.04,20.8,41.63,56.66,51.89,44.36,Slovakia,Martin,,315,2018,Other
315,"San Antonio, TX, United States",60.92,34.5,48.18,58.17,60.96,154.92,United States,San Antonio,TX,316,2018,United States
316,"Athens, GA, United States",60.55,26.67,44.21,57.85,59.58,110.52,United States,Athens,GA,317,2018,United States
317,"Tallinn, Estonia",60.51,17.66,39.84,45.31,61.04,74.02,Estonia,Tallinn,,318,2018,Other
318,"San Jose, Costa Rica",60.46,19.28,40.6,60.98,49.47,48.89,Costa Rica,San Jose,,319,2018,Other
319,"Valencia, Spain",60.33,20.61,41.17,50.92,56.84,90.71,Spain,Valencia,,320,2018,Other
320,"Kaohsiung, Taiwan",60.22,10.41,36.2,71.17,26.25,127.49,Taiwan,Kaohsiung,,321,2018,Other
321,"Sevilla, Spain",60.16,21.15,41.35,52.11,58.14,81.43,Spain,Sevilla,,322,2018,Other
322,"Larnaca, Cyprus",59.97,11.36,36.53,49.72,66.8,83.19,Cyprus,Larnaca,,323,2018,Other
323,"Sharjah, United Arab Emirates",59.38,29.86,45.15,50.37,43.99,123.32,United Arab Emirates,Sharjah,,324,2018,Other
324,"Split, Croatia",59.05,13.74,37.2,50.46,55.16,53.22,Croatia,Split,,325,2018,Other
325,"Manama, Bahrain",59,30.65,45.33,57.63,54.83,67.56,Bahrain,Manama,,326,2018,Other
326,"Rijeka, Croatia",58.54,12.29,36.24,49.63,46.7,51.41,Croatia,Rijeka,,327,2018,Other
327,"Amman, Jordan",58.47,14.58,37.3,49.55,55.56,41.83,Jordan,Amman,,328,2018,Other
328,"Zagreb, Croatia",58,15.39,37.45,49.52,46.65,64.19,Croatia,Zagreb,,329,2018,Other
329,"Lisbon, Portugal",57.69,29.33,44.01,47.02,50.14,58.48,Portugal,Lisbon,,330,2018,Other
330,"Patras, Greece",57.35,9.41,34.23,46.44,53.51,64.63,Greece,Patras,,331,2018,Other
331,"Panama City, Panama",57.23,32.46,45.29,56.48,52.95,38.24,Panama,Panama City,,333,2018,Other
332,"Malaga, Spain",57.23,21.19,39.85,48.93,55.28,94.71,Spain,Malaga,,333,2018,Other
333,"Campinas, Brazil",57.21,14.1,36.42,43.15,48.2,59.53,Brazil,Campinas,,334,2018,Other
334,"Rio De Janeiro, Brazil",57.14,21.61,40,42.19,48.58,39.15,Brazil,Rio De Janeiro,,335,2018,Other
335,"Funchal, Portugal",57,17.91,38.15,47.03,44.3,52.72,Portugal,Funchal,,336,2018,Other
336,"Santiago, Chile",56.85,17.85,38.04,48.15,55.32,50.65,Chile,Santiago,,337,2018,Other
337,"Sao Paulo, Brazil",56.83,21.02,39.56,43.58,48.59,40.03,Brazil,Sao Paulo,,338,2018,Other
338,"Shanghai, China",56.16,41.95,49.3,61.7,40.74,66.16,China,Shanghai,,339,2018,Other
339,"Buenos Aires, Argentina",56.05,15.58,36.53,48.19,56.51,60.03,Argentina,Buenos Aires,,340,2018,Other
340,"Bangkok, Thailand",55.79,26.21,41.52,62.4,27.99,44.94,Thailand,Bangkok,,341,2018,Other
341,"Makati, Philippines",55.54,26.91,41.73,59.97,28.91,46.37,Philippines,Makati,,342,2018,Other
342,"Tartu, Estonia",55.49,14.44,35.69,42.41,55.7,75.23,Estonia,Tartu,,343,2018,Other
343,"Porto, Portugal",54.92,20.87,38.5,45.79,44.12,63.31,Portugal,Porto,,344,2018,Other
344,"Riga, Latvia",54.87,15.23,35.75,42.56,51.15,53.77,Latvia,Riga,,345,2018,Other
345,"Coimbra, Portugal",54.5,14.58,35.25,46.39,42.38,75.56,Portugal,Coimbra,,346,2018,Other
346,"Granada, Spain",54.47,14.9,35.39,44.63,51.02,94.61,Spain,Granada,,347,2018,Other
347,"Vilnius, Lithuania",54.26,17.9,36.72,42.58,49.97,56.97,Lithuania,Vilnius,,348,2018,Other
348,"Porto Alegre, Brazil",53.88,14.79,35.03,42.32,42.19,46.35,Brazil,Porto Alegre,,349,2018,Other
349,"Brasilia, Brazil",53.84,16.73,35.94,44.65,47.74,49.33,Brazil,Brasilia,,351,2018,Other
350,"Prague, Czech Republic",53.84,25.06,39.96,47.04,40.31,77.13,Czech Republic,Prague,,351,2018,Other
351,"Bratislava, Slovakia",53.64,22.87,38.8,46.54,44.37,72.75,Slovakia,Bratislava,,352,2018,Other
352,"Santa Cruz De Tenerife, Spain",53.34,18.05,36.32,44.56,53.88,93.75,Spain,Santa Cruz De Tenerife,,353,2018,Other
353,"Pretoria, South Africa",53.19,15.59,35.06,43.22,47.05,108.14,South Africa,Pretoria,,354,2018,Other
354,"Phuket, Thailand",53.17,14.65,34.59,57.38,27.69,55.31,Thailand,Phuket,,355,2018,Other
355,"Las Palmas, Spain",52.71,20.09,36.98,44.95,51.06,84.11,Spain,Las Palmas,,356,2018,Other
356,"Kaunas, Lithuania",52.56,12.38,33.19,41.09,45.84,57.97,Lithuania,Kaunas,,357,2018,Other
357,"Recife, Brazil",52.22,12.23,32.93,41.22,41.58,39.68,Brazil,Recife,,358,2018,Other
358,"Klaipeda, Lithuania",52.09,11.61,32.57,43.52,46.6,58.53,Lithuania,Klaipeda,,359,2018,Other
359,"Fortaleza, Brazil",52,9.81,31.65,43.69,38.32,30.52,Brazil,Fortaleza,,360,2018,Other
360,"Windhoek, Namibia",51.84,23.11,37.98,47.76,43.74,55.51,Namibia,Windhoek,,361,2018,Other
361,"Moscow, Russia",51.82,34.1,43.27,40.9,56.03,59.58,Russia,Moscow,,362,2018,Other
362,"Braga, Portugal",51.43,12.28,32.55,42.67,36.9,71.62,Portugal,Braga,,363,2018,Other
363,"Kosice, Slovakia",51.36,16.16,34.38,44.97,33.36,61.62,Slovakia,Kosice,,364,2018,Other
364,"Muscat, Oman",51.2,25.41,38.76,46.81,51.63,103.55,Oman,Muscat,,365,2018,Other
365,"Budapest, Hungary",51,18.08,35.12,40.71,40.43,55.54,Hungary,Budapest,,367,2018,Other
366,"Jeddah (Jiddah), Saudi Arabia",51,14.41,33.35,43.21,34.15,113.18,Saudi Arabia,Jeddah (Jiddah),,367,2018,Other
367,"Johor Bahru, Malaysia",50.98,11.96,32.16,63.42,25.08,42.93,Malaysia,Johor Bahru,,368,2018,Other
368,"Harare, Zimbabwe",50.74,14.24,33.14,45.45,36.15,26.86,Zimbabwe,Harare,,369,2018,Other
369,"Belo Horizonte, Brazil",50.41,12.56,32.15,37.82,41.12,35.32,Brazil,Belo Horizonte,,370,2018,Other
370,"Florianopolis, Brazil",50.4,15.08,33.37,39.36,42.08,39.69,Brazil,Florianopolis,,371,2018,Other
371,"Addis Ababa, Ethiopia",50.3,24.39,37.8,43.58,22.5,13.57,Ethiopia,Addis Ababa,,372,2018,Other
372,"Brno, Czech Republic",50.29,19.26,35.32,44.77,34.98,73.86,Czech Republic,Brno,,374,2018,Other
373,"San Salvador, El Salvador",50.29,12.78,32.2,51.28,37.29,28.62,El Salvador,San Salvador,,374,2018,Other
374,"Al Khobar, Saudi Arabia",50.18,15.67,33.53,44.86,33.74,124.32,Saudi Arabia,Al Khobar,,375,2018,Other
375,"Johannesburg, South Africa",50.02,22.45,36.72,41.72,49.92,125.99,South Africa,Johannesburg,,376,2018,Other
376,"Petaling Jaya, Malaysia",49.8,12.34,31.73,58.94,23.68,68.75,Malaysia,Petaling Jaya,,377,2018,Other
377,"Dar Es Salaam, Tanzania",49.66,24.56,37.55,34.82,33.56,18.87,Tanzania,Dar Es Salaam,,378,2018,Other
378,"Shenzhen, China",49.65,25.37,37.94,53.67,31.34,83.96,China,Shenzhen,,379,2018,Other
379,"Penang, Malaysia",49.5,10.67,30.78,56.99,26.28,68.42,Malaysia,Penang,,380,2018,Other
380,"Guayaquil, Ecuador",49.49,13.57,32.17,44.21,36.59,36.14,Ecuador,Guayaquil,,381,2018,Other
381,"Curitiba, Brazil",49.43,12.63,31.68,37,41.47,46.26,Brazil,Curitiba,,382,2018,Other
382,"Phnom Penh, Cambodia",49.24,17.42,33.89,53.68,24.62,26.41,Cambodia,Phnom Penh,,383,2018,Other
383,"Santo Domingo, Dominican Republic",49.1,12.49,31.44,42.25,46.38,28.77,Dominican Republic,Santo Domingo,,384,2018,Other
384,"Irbil, Iraq",49.08,13.91,32.12,41.62,43.07,49.2,Iraq,Irbil,,385,2018,Other
385,"Osijek, Croatia",49.04,8.14,29.32,40.85,36.36,58.44,Croatia,Osijek,,386,2018,Other
386,"Gdansk, Poland",49.01,17.8,33.96,36.86,40.96,72.77,Poland,Gdansk,,387,2018,Other
387,"Ad Dammam, Saudi Arabia",48.87,12.68,31.41,42.33,32.19,141.35,Saudi Arabia,Ad Dammam,,388,2018,Other
388,"Quito, Ecuador",48.84,14.05,32.06,47.67,36.41,34.37,Ecuador,Quito,,389,2018,Other
389,"Warsaw, Poland",48.31,22.5,35.86,38.53,42.2,77.31,Poland,Warsaw,,390,2018,Other
390,"Riyadh, Saudi Arabia",48.21,16.46,32.9,41.46,35.41,129.2,Saudi Arabia,Riyadh,,391,2018,Other
391,"Chiang Mai, Thailand",47.92,12.1,30.65,60.54,22.68,31.68,Thailand,Chiang Mai,,392,2018,Other
392,"Gdynia, Poland",47.86,14.6,31.82,38.15,43.91,72.98,Poland,Gdynia,,393,2018,Other
393,"Kota Kinabalu, Malaysia",47.75,10.48,29.78,56.27,23.67,37.17,Malaysia,Kota Kinabalu,,394,2018,Other
394,"Cape Town, South Africa",47.55,28.98,38.59,40.96,45.21,94.27,South Africa,Cape Town,,395,2018,Other
395,"Pattaya, Thailand",47.24,18.59,33.42,50.38,29.61,29.96,Thailand,Pattaya,,396,2018,Other
396,"Port Elizabeth, South Africa",47.09,13.95,31.11,40.21,41.53,64.08,South Africa,Port Elizabeth,,397,2018,Other
397,"Guatemala City, Guatemala",46.97,15.52,31.8,43.64,37.17,41.41,Guatemala,Guatemala City,,398,2018,Other
398,"Kuching, Malaysia",46.79,6.86,27.53,52.35,20.02,41.76,Malaysia,Kuching,,399,2018,Other
399,"Jakarta, Indonesia",46.47,19.34,33.39,49.49,26.34,34.8,Indonesia,Jakarta,,400,2018,Other
400,"Saint Petersburg, Russia",46.41,20.17,33.75,38.12,47.73,56.75,Russia,Saint Petersburg,,401,2018,Other
401,"Durban, South Africa",46.3,15.74,31.56,39.21,43.53,96.43,South Africa,Durban,,402,2018,Other
402,"Kuala Lumpur, Malaysia",46.28,17.96,32.62,47.17,27.39,80.73,Malaysia,Kuala Lumpur,,403,2018,Other
403,"Wroclaw, Poland",46.27,19.64,33.43,38.06,39.12,74.19,Poland,Wroclaw,,404,2018,Other
404,"Beijing, China",46.09,33.51,40.02,44.92,35.14,76.61,China,Beijing,,405,2018,Other
405,"Baghdad, Iraq",46.05,14.76,30.96,40.35,42.03,52.05,Iraq,Baghdad,,406,2018,Other
406,"Selangor, Malaysia",46.04,11.34,29.31,50.35,23.26,88.61,Malaysia,Selangor,,407,2018,Other
407,"Olomouc, Czech Republic",45.99,13.01,30.08,43.34,31.6,79.5,Czech Republic,Olomouc,,408,2018,Other
408,"Krakow (Cracow), Poland",45.79,18.18,32.48,36.66,38.32,73.59,Poland,Krakow (Cracow),,409,2018,Other
409,"Maputo, Mozambique",45.29,18.58,32.41,36.64,41.88,33.15,Mozambique,Maputo,,410,2018,Other
410,"Poznan, Poland",45.27,15.45,30.89,37.57,37.54,74.63,Poland,Poznan,,411,2018,Other
411,"Debrecen, Hungary",44.92,10.34,28.24,37.81,33.04,48.52,Hungary,Debrecen,,412,2018,Other
412,"Bydgoszcz, Poland",44.91,15.1,30.53,35.24,37.73,66.01,Poland,Bydgoszcz,,413,2018,Other
413,"Ostrava, Czech Republic",44.78,10.73,28.36,38.89,32.47,78.36,Czech Republic,Ostrava,,414,2018,Other
414,"Istanbul, Turkey",44.73,14.35,30.08,39.35,33,54.57,Turkey,Istanbul,,415,2018,Other
415,"Podgorica, Montenegro",44.68,11.1,28.48,35.64,37.75,51.8,Montenegro,Podgorica,,416,2018,Other
416,"Szczecin, Poland",44.61,12.73,29.23,35.91,34.7,60.33,Poland,Szczecin,,417,2018,Other
417,"Bucharest, Romania",44.38,14,29.73,36.6,40.58,58.75,Romania,Bucharest,,418,2018,Other
418,"Belgrade, Serbia",43.99,12.28,28.7,32.31,38.34,40.25,Serbia,Belgrade,,419,2018,Other
419,"Lima, Peru",43.92,17.91,31.38,39.88,31.53,39.55,Peru,Lima,,420,2018,Other
420,"Bali, Indonesia",43.73,8.12,26.56,49.07,25.29,29.2,Indonesia,Bali,,421,2018,Other
421,"Lodz, Poland",43.68,12.79,28.78,34.02,36.68,70.09,Poland,Lodz,,422,2018,Other
422,"Guangzhou, China",43.5,20.93,32.61,44.04,27.37,79.47,China,Guangzhou,,423,2018,Other
423,"Sofia, Bulgaria",43.11,12.96,28.57,37.06,34.44,60.66,Bulgaria,Sofia,,424,2018,Other
424,"Sarajevo, Bosnia And Herzegovina",42.5,10.13,26.89,35.37,31.5,48.89,Bosnia And Herzegovina,Sarajevo,,425,2018,Other
425,"Manila, Philippines",42.4,19.94,31.57,38.19,29.13,43.04,Philippines,Manila,,426,2018,Other
426,"Lublin, Poland",42.33,18.04,30.62,34.52,34.11,57.02,Poland,Lublin,,427,2018,Other
427,"Katowice, Poland",42.28,12.37,27.86,34.17,32.56,81.77,Poland,Katowice,,428,2018,Other
428,"Varna, Bulgaria",42.26,8.71,26.08,37.66,34.85,48.43,Bulgaria,Varna,,429,2018,Other
429,"Nairobi, Kenya",42.06,12.27,27.7,40.4,34.31,27.87,Kenya,Nairobi,,430,2018,Other
430,"Yekaterinburg, Russia",42.05,12.4,27.75,37.86,36.08,52.61,Russia,Yekaterinburg,,431,2018,Other
431,"Cebu, Philippines",41.81,11.84,27.36,43.31,24.71,26.16,Philippines,Cebu,,432,2018,Other
432,"Timisoara, Romania",41.62,10.78,26.75,34.26,36.97,59.09,Romania,Timisoara,,434,2018,Other
433,"Rabat, Morocco",41.62,13.47,28.04,37.31,27.57,45.29,Morocco,Rabat,,434,2018,Other
434,"Ho Chi Minh City, Vietnam",41.28,18.81,30.45,42.17,21.09,36.92,Vietnam,Ho Chi Minh City,,435,2018,Other
435,"Ankara, Turkey",41.21,7.95,25.17,36.71,31.39,56.89,Turkey,Ankara,,436,2018,Other
436,"Izmir, Turkey",40.97,8.86,25.48,37.48,29.22,54.57,Turkey,Izmir,,437,2018,Other
437,"Burgas, Bulgaria",40.81,7.29,24.65,35.83,33.58,50.53,Bulgaria,Burgas,,438,2018,Other
438,"Cluj-Napoca, Romania",40.51,13.6,27.54,34.7,33.06,59.81,Romania,Cluj-Napoca,,439,2018,Other
439,"Plovdiv, Bulgaria",40.29,7.65,24.55,35.49,33.1,54.98,Bulgaria,Plovdiv,,440,2018,Other
440,"Bursa, Turkey",40.26,6.73,24.09,34.46,27.63,55.63,Turkey,Bursa,,441,2018,Other
441,"Yogyakarta, Indonesia",40.01,6.09,23.65,45.78,14.56,30.25,Indonesia,Yogyakarta,,442,2018,Other
442,"Hanoi, Vietnam",39.89,14.56,27.67,40.28,22.71,27.09,Vietnam,Hanoi,,443,2018,Other
443,"Novosibirsk, Russia",39.86,12.16,26.5,35.77,34.9,47.89,Russia,Novosibirsk,,444,2018,Other
444,"Banja Luka, Bosnia And Herzegovina",39.85,7.77,24.38,32.73,28.97,51.24,Bosnia And Herzegovina,Banja Luka,,445,2018,Other
445,"Nizhny Novgorod, Russia",39.83,11.38,26.11,35.11,37.77,40.34,Russia,Nizhny Novgorod,,446,2018,Other
446,"Iasi, Romania",39.81,10.55,25.7,33.52,34.64,51.29,Romania,Iasi,,447,2018,Other
447,"Suzhou, China",39.57,17.11,28.74,39.63,31.65,91.87,China,Suzhou,,448,2018,Other
448,"Kazan, Russia",39.53,12.81,26.64,33.82,43.81,51.14,Russia,Kazan,,449,2018,Other
449,"Sibiu, Romania",39.5,8.46,24.53,32.76,33.38,54.27,Romania,Sibiu,,450,2018,Other
450,"Tirana, Albania",39.33,9.96,25.17,31.79,32.05,38.05,Albania,Tirana,,451,2018,Other
451,"Chengdu, China",39.26,12.73,26.47,38.41,28.42,77.03,China,Chengdu,,452,2018,Other
452,"Surabaya, Indonesia",39.24,8.6,24.46,43.32,18.67,37.58,Indonesia,Surabaya,,453,2018,Other
453,"Rostov-na-donu, Russia",39.1,12.21,26.13,31.64,41.73,35.31,Russia,Rostov-na-donu,,454,2018,Other
454,"Bogota, Colombia",38.99,13.86,26.87,31.74,29.55,42.03,Colombia,Bogota,,455,2018,Other
455,"Oradea, Romania",38.94,7.42,23.74,32.85,25.94,46.65,Romania,Oradea,,456,2018,Other
456,"Novi Sad, Serbia",38.9,7.47,23.74,31.2,28.89,48.41,Serbia,Novi Sad,,457,2018,Other
457,"Casablanca, Morocco",38.81,16.45,28.02,33.78,28.81,47.32,Morocco,Casablanca,,458,2018,Other
458,"Antalya, Turkey",38.77,7.18,23.53,33.47,29.4,54.45,Turkey,Antalya,,459,2018,Other
459,"Skopje, Macedonia",38.51,9.26,24.4,30.7,29.14,41.99,Macedonia,Skopje,,460,2018,Other
460,"Monterrey, Mexico",38.45,11.52,25.46,35.16,38.06,84.22,Mexico,Monterrey,,461,2018,Other
461,"Cuenca, Ecuador",38.41,10.38,24.89,37.19,26.71,43.44,Ecuador,Cuenca,,462,2018,Other
462,"Brasov, Romania",38.37,9.96,24.67,31.4,33.82,67.91,Romania,Brasov,,463,2018,Other
463,"Ulaanbaatar, Mongolia",38.13,11.34,25.21,37.23,25.59,33.71,Mongolia,Ulaanbaatar,,464,2018,Other
464,"Medan, Indonesia",37.99,4.71,21.94,41.6,18.35,44.28,Indonesia,Medan,,465,2018,Other
465,"Tehran, Iran",37.8,19.93,29.18,34.45,30.9,43.28,Iran,Tehran,,466,2018,Other
466,"Colombo, Sri Lanka",37.72,9.88,24.29,41.98,22.74,27.62,Sri Lanka,Colombo,,467,2018,Other
467,"Bandung, Indonesia",37.68,6.05,22.42,43.19,17.12,33.9,Indonesia,Bandung,,468,2018,Other
468,"Mexico City, Mexico",37.54,17.84,28.04,34.66,32.65,64.03,Mexico,Mexico City,,469,2018,Other
469,"Astana, Kazakhstan",37.51,14.88,26.6,32.67,38.79,40.49,Kazakhstan,Astana,,470,2018,Other
470,"Nis, Serbia",37.32,5.73,22.09,29.67,30.85,38.68,Serbia,Nis,,471,2018,Other
471,"Kigali, Rwanda",37.18,11.85,24.96,31.27,27.33,28.22,Rwanda,Kigali,,472,2018,Other
472,"Algiers, Algeria",37.13,8.61,23.38,38.43,22.86,33.38,Algeria,Algiers,,473,2018,Other
473,"Arad, Romania",36.47,9.22,23.33,30.52,28.55,60.77,Romania,Arad,,474,2018,Other
474,"Asuncion, Paraguay",36.16,10.71,23.88,30.88,27.65,34.68,Paraguay,Asuncion,,475,2018,Other
475,"Santa Cruz, Bolivia",36.14,14.26,25.59,29.42,29.15,57.64,Bolivia,Santa Cruz,,476,2018,Other
476,"Kathmandu, Nepal",36.06,5.83,21.48,33.22,21.92,23.73,Nepal,Kathmandu,,477,2018,Other
477,"Almaty, Kazakhstan",36.05,11.72,24.31,28.66,35.51,46.81,Kazakhstan,Almaty,,478,2018,Other
478,"Medellin, Colombia",35.87,12.33,24.52,31.73,27.61,29.33,Colombia,Medellin,,479,2018,Other
479,"Cancun, Mexico",35.58,9.8,23.15,29.93,35.3,61.69,Mexico,Cancun,,480,2018,Other
480,"Minsk, Belarus",35.3,11.25,23.71,28.55,38.12,43.77,Belarus,Minsk,,481,2018,Other
481,"Gurgaon, India",34.9,10.96,23.36,32.59,30.88,110.97,India,Gurgaon,,482,2018,Other
482,"Craiova, Romania",34.34,6.84,21.07,28.61,25.41,58.56,Romania,Craiova,,483,2018,Other
483,"Guadalajara, Mexico",34.19,10.12,22.58,33.15,30.82,71.87,Mexico,Guadalajara,,484,2018,Other
484,"Tijuana, Mexico",34.13,10.81,22.88,32.67,32.65,45.26,Mexico,Tijuana,,485,2018,Other
485,"Yerevan, Armenia",34.12,9.37,22.18,27.73,31.77,32.52,Armenia,Yerevan,,486,2018,Other
486,"Kampala, Uganda",34.09,7.59,21.31,28.02,26.64,23.36,Uganda,Kampala,,487,2018,Other
487,"Chisinau, Moldova",34.06,9.35,22.14,27.64,25.5,31.39,Moldova,Chisinau,,488,2018,Other
488,"Quezon City, Philippines",33.93,7.79,21.33,29.54,19.44,29.57,Philippines,Quezon City,,489,2018,Other
489,"Hermosillo, Mexico",33.86,7.29,21.05,30.3,29.75,77.33,Mexico,Hermosillo,,490,2018,Other
490,"Davao, Philippines",33.67,6.84,20.73,32.75,16.83,28.86,Philippines,Davao,,491,2018,Other
491,"Dhaka, Bangladesh",33.64,6.83,20.71,31.89,23.54,37.72,Bangladesh,Dhaka,,493,2018,Other
492,"Caracas, Venezuela",33.64,9.63,22.06,35.03,30.79,3.72,Venezuela,Caracas,,493,2018,Other
493,"Queretaro, Mexico",33.51,9.52,21.94,33.17,27.96,63.18,Mexico,Queretaro,,494,2018,Other
494,"Merida, Mexico",33.18,7.58,20.83,32.01,26.75,37.23,Mexico,Merida,,495,2018,Other
495,"Cali, Colombia",33.04,7.44,20.69,28.79,23.76,39.71,Colombia,Cali,,496,2018,Other
496,"Puerto Vallarta, Mexico",32.7,11.52,22.48,32.27,31.03,62.36,Mexico,Puerto Vallarta,,497,2018,Other
497,"Puebla, Mexico",32.65,7.22,20.38,28.36,27.84,45.28,Mexico,Puebla,,498,2018,Other
498,"Mumbai, India",32.59,22.72,27.83,32.94,26.68,73.49,India,Mumbai,,499,2018,Other
499,"Noida, India",32.37,6.56,19.92,33.12,24.04,95.95,India,Noida,,500,2018,Other
500,"Delhi, India",32.14,9.74,21.34,30.67,27.54,78.33,India,Delhi,,501,2018,Other
501,"Baku, Azerbaijan",31.31,9.65,20.86,27.9,32.31,29.19,Azerbaijan,Baku,,502,2018,Other
502,"Valenzuela, Philippines",31.23,3.82,18.01,32.44,12.95,31.9,Philippines,Valenzuela,,503,2018,Other
503,"Islamabad, Pakistan",30.83,8.79,20.2,28.5,23.5,43.2,Pakistan,Islamabad,,504,2018,Other
504,"Bangalore, India",30.34,9.76,20.41,31.47,20.23,100.26,India,Bangalore,,505,2018,Other
505,"Tunis, Tunisia",30.06,7.39,19.13,29.49,18.19,34.32,Tunisia,Tunis,,506,2018,Other
506,"Thane, India",29.82,9.3,19.92,31.07,21.18,70.55,India,Thane,,507,2018,Other
507,"Odesa, Ukraine",29.79,10.23,20.36,22.29,24.04,27.73,Ukraine,Odesa,,508,2018,Other
508,"Tbilisi, Georgia",29.73,10.6,20.5,24.65,29.18,35.61,Georgia,Tbilisi,,509,2018,Other
509,"Pune, India",29.66,7.95,19.19,30.75,21.4,99.44,India,Pune,,510,2018,Other
510,"Lahore, Pakistan",29.53,6.67,18.5,26.83,26.39,51.44,Pakistan,Lahore,,511,2018,Other
511,"Pristina, Kosovo (Disputed Territory)",29.25,9.38,19.67,25.97,22.78,64.57,Kosovo (Disputed Territory),Pristina,,512,2018,Other
512,"Chandigarh, India",29.04,6.47,18.15,29.4,20.18,68.83,India,Chandigarh,,513,2018,Other
513,"Ahmedabad, India",28.67,6.24,17.85,31.42,20.13,73.59,India,Ahmedabad,,514,2018,Other
514,"Surat, India",28.66,4.69,17.1,31.97,19.84,57.84,India,Surat,,515,2018,Other
515,"Chennai, India",28.42,7.12,18.14,31.17,18.26,72.34,India,Chennai,,516,2018,Other
516,"Goa, India",28.3,8.27,18.64,29.8,22.96,54.55,India,Goa,,517,2018,Other
517,"Indore, India",28.06,4.66,16.78,27.74,17.77,50.42,India,Indore,,518,2018,Other
518,"Kolkata, India",27.99,7.77,18.24,28.53,23.18,56.3,India,Kolkata,,519,2018,Other
519,"Lucknow (Lakhnau), India",27.55,4.9,16.62,27.25,18.76,76.1,India,Lucknow (Lakhnau),,520,2018,Other
520,"Kiev, Ukraine",27.52,12.43,20.24,21.96,22.01,37.48,Ukraine,Kiev,,521,2018,Other
521,"Jaipur, India",27.11,5.19,16.54,27.65,18.48,76.5,India,Jaipur,,522,2018,Other
522,"Karachi, Pakistan",27.1,7.46,17.63,25.6,21.62,39.06,Pakistan,Karachi,,523,2018,Other
523,"Hyderabad, India",26.92,6.89,17.26,27.6,18.93,80.9,India,Hyderabad,,524,2018,Other
524,"Cairo, Egypt",26.49,5.43,16.33,23.23,22.55,25.27,Egypt,Cairo,,525,2018,Other
525,"Dnipropetrovsk, Ukraine",26.39,6.63,16.86,20.46,22.74,31.06,Ukraine,Dnipropetrovsk,,526,2018,Other
526,"Nagpur, India",26.23,4.96,15.97,26.55,18.73,95.19,India,Nagpur,,527,2018,Other
527,"Bhopal, India",26.07,4.13,15.49,22.49,16.21,66.21,India,Bhopal,,528,2018,Other
528,"Vadodara, India",25.59,4.01,15.18,27.85,16.02,80.63,India,Vadodara,,529,2018,Other
529,"Mangalore, India",25.46,5.7,15.93,26.85,16.04,94.53,India,Mangalore,,530,2018,Other
530,"Lviv, Ukraine",25.31,8.1,17.01,20.5,17.88,26.88,Ukraine,Lviv,,531,2018,Other
531,"Mysore, India",25.2,4.01,14.98,29.39,13.31,42.49,India,Mysore,,532,2018,Other
532,"Bhubaneswar, India",24.89,4.68,15.14,28.22,14.91,57.56,India,Bhubaneswar,,533,2018,Other
533,"Kharkiv, Ukraine",24.85,8.29,16.87,19.26,18.44,27.19,Ukraine,Kharkiv,,534,2018,Other
534,"Visakhapatnam, India",24.66,4.85,15.11,25.83,18.07,63.97,India,Visakhapatnam,,535,2018,Other
535,"Kochi, India",24.65,6.31,15.8,26.93,13.94,77.7,India,Kochi,,536,2018,Other
536,"Coimbatore, India",24.61,5.35,15.32,25.23,15.21,53.23,India,Coimbatore,,537,2018,Other
537,"Alexandria, Egypt",23.78,4.34,14.4,23.19,17.66,23.75,Egypt,Alexandria,,538,2018,Other
538,"Navi Mumbai, India",23.44,6.25,15.15,24.02,14.14,111.99,India,Navi Mumbai,,539,2018,Other
539,"Thiruvananthapuram, India",20.86,5.1,13.26,21.98,12.06,66.25,India,Thiruvananthapuram,,540,2018,Other
